{"accuracy": 0.9694793536804309, "f1-macro": 0.49225159525979945, "_timestamp": 1673215327.3273273, "_runtime": 2.5499532222747803, "_step": 0, "_wandb": {"runtime": 0}}