{"accuracy": 0.9672351885098743, "f1-score": 0.0, "_timestamp": 1673214436.1493537, "_runtime": 2.4123318195343018, "_step": 0, "_wandb": {"runtime": 0}}