{"accuracy": 0.9694793536804309, "f1-macro": 0.49225159525979945, "_timestamp": 1673215317.339665, "_runtime": 2.5093820095062256, "_step": 0, "_wandb": {"runtime": 0}}