{"accuracy": 0.966786355475763, "f1-score": 0.0, "_timestamp": 1673214475.8355699, "_runtime": 5.021640777587891, "_step": 0, "_wandb": {"runtime": 2}}