{"accuracy": 0.9694793536804309, "f1-score": 0.0, "_timestamp": 1673214503.6352, "_runtime": 2.594965934753418, "_step": 0, "_wandb": {"runtime": 0}}