{"accuracy": 0.9672351885098743, "f1-score": 0.0, "_timestamp": 1673214446.7975552, "_runtime": 2.5440433025360107, "_step": 0, "_wandb": {"runtime": 0}}