{"accuracy": 0.9685816876122083, "f1-score": 0.0, "_timestamp": 1673214522.5032723, "_runtime": 5.0919764041900635, "_step": 0, "_wandb": {"runtime": 2}}