{"accuracy": 0.9376122082585279, "f1-macro": 0.5174205250388396, "_timestamp": 1673215381.2433617, "_runtime": 2.860482692718506, "_step": 0, "_wandb": {"runtime": 0}}