{"accuracy": 0.52737881508079, "f1-macro": 0.38396458947278866, "_timestamp": 1673215417.2379205, "_runtime": 2.6012144088745117, "_step": 0, "_wandb": {"runtime": 0}}