{"accuracy": 0.966786355475763, "f1-macro": 0.49155636695572796, "_timestamp": 1673215299.4921503, "_runtime": 4.655836343765259, "_step": 0, "_wandb": {"runtime": 2}}