{"accuracy": 0.9685816876122083, "f1-macro": 0.4920200638394893, "_timestamp": 1673215347.560401, "_runtime": 4.6278040409088135, "_step": 0, "_wandb": {"runtime": 2}}