{"accuracy": 0.9663375224416517, "f1-macro": 0.49144031043140834, "_timestamp": 1673215392.4793205, "_runtime": 5.636834621429443, "_step": 0, "_wandb": {"runtime": 3}}