{"accuracy": 0.9672351885098743, "f1-macro": 0.49167237052247315, "_timestamp": 1673215984.4614785, "_runtime": 2.562499523162842, "_step": 0, "_wandb": {"runtime": 0}}