{"accuracy": 0.9281867145421903, "f1-score": 0.024390243902439025, "_timestamp": 1673214465.2121618, "_runtime": 2.3796157836914062, "_step": 0, "_wandb": {"runtime": 0}}