{"accuracy": 0.8837522441651705, "f1-macro": 0.49811745776347544, "_timestamp": 1673215409.2154205, "_runtime": 2.536891460418701, "_step": 0, "_wandb": {"runtime": 0}}