{"accuracy": 0.9281867145421903, "f1-macro": 0.4935557929670629, "_timestamp": 1673215289.129506, "_runtime": 2.5873172283172607, "_step": 0, "_wandb": {"runtime": 0}}