{"accuracy": 0.9672351885098743, "f1-macro": 0.49167237052247315, "_timestamp": 1673215973.5543592, "_runtime": 1.4996862411499023, "_step": 0, "_wandb": {"runtime": 0}}