{"accuracy": 0.8792639138240574, "f1-score": 0.08813559322033898, "_timestamp": 1673214540.969631, "_runtime": 2.8611910343170166, "_step": 0, "_wandb": {"runtime": 0}}