{"accuracy": 0.5435368043087971, "f1-macro": 0.39247165226456115, "_timestamp": 1673215372.5366871, "_runtime": 2.5392251014709473, "_step": 0, "_wandb": {"runtime": 0}}