{"accuracy": 0.9694793536804309, "f1-macro": 0.49225159525979945, "_timestamp": 1673215400.663715, "_runtime": 2.818023920059204, "_step": 0, "_wandb": {"runtime": 0}}