{"accuracy": 0.8792639138240574, "f1-macro": 0.5117438360237719, "_timestamp": 1673215364.6451766, "_runtime": 2.6017377376556396, "_step": 0, "_wandb": {"runtime": 0}}