{"accuracy": 0.9371633752244165, "f1-score": 0.05405405405405405, "_timestamp": 1673214511.91415, "_runtime": 2.4622740745544434, "_step": 0, "_wandb": {"runtime": 0}}