{"accuracy": 0.9672351885098743, "f1-macro": 0.49167237052247315, "_timestamp": 1673215279.1371243, "_runtime": 1.7313141822814941, "_step": 0, "_wandb": {"runtime": 0}}