{"accuracy": 0.9416517055655296, "f1-macro": 0.5335368996083282, "_timestamp": 1673215427.2650385, "_runtime": 2.51735258102417, "_step": 0, "_wandb": {"runtime": 0}}