{"accuracy": 0.9371633752244165, "f1-macro": 0.5107781876584104, "_timestamp": 1673215337.415126, "_runtime": 2.478206157684326, "_step": 0, "_wandb": {"runtime": 0}}