{"accuracy": 0.9694793536804309, "f1-score": 0.0, "_timestamp": 1673214493.5323312, "_runtime": 2.491089344024658, "_step": 0, "_wandb": {"runtime": 0}}