{"accuracy": 0.9694793536804309, "f1-macro": 0.49225159525979945, "_timestamp": 1673215307.2307682, "_runtime": 2.366504192352295, "_step": 0, "_wandb": {"runtime": 0}}