{"accuracy": 0.9672351885098743, "f1-score": 0.0, "_timestamp": 1673214456.8838215, "_runtime": 2.6286985874176025, "_step": 0, "_wandb": {"runtime": 0}}