{"accuracy": 0.968132854578097, "f1-macro": 0.4919042189281642, "_timestamp": 1673215438.2641244, "_runtime": 5.506810426712036, "_step": 0, "_wandb": {"runtime": 3}}