{"accuracy": 0.9694793536804309, "f1-score": 0.0, "_timestamp": 1673214483.4268258, "_runtime": 2.5058038234710693, "_step": 0, "_wandb": {"runtime": 0}}