{"accuracy": 0.9672351885098743, "f1-macro": 0.49167237052247315, "_timestamp": 1673215259.7098656, "_runtime": 1.4771945476531982, "_step": 0, "_wandb": {"runtime": 0}}