{"accuracy": 0.5435368043087971, "f1-score": 0.08952551477170995, "_timestamp": 1673214549.1950054, "_runtime": 2.6352384090423584, "_step": 0, "_wandb": {"runtime": 0}}