{"accuracy": 0.968132854578097, "_timestamp": 1673213204.275219, "_runtime": 65.9984040260315, "_step": 19, "_wandb": {"runtime": 64}}