{"accuracy": 0.9672351885098743, "f1-macro": 0.49167237052247315, "_timestamp": 1673215269.97573, "_runtime": 2.550701856613159, "_step": 0, "_wandb": {"runtime": 0}}