{"accuracy": 0.9672351885098743, "f1-score": 0.0, "_timestamp": 1673214530.3755932, "_runtime": 2.403372287750244, "_step": 0, "_wandb": {"runtime": 0}}